{
  "const.py": 1775408256.770492,
  "device_tracker.py": 1775408256.771492,
  "lock.py": 1775408256.771492,
  "button.py": 1775408256.770492,
  "base_entity.py": 1775389421.4202409,
  "binary_sensor.py": 1775408256.770492,
  "config_flow.py": 1775389421.4203217,
  "CLAUDE.md": 1776438968.6907365
}