{
  "const.py": 1775408256.770492,
  "device_tracker.py": 1775408256.771492,
  "lock.py": 1775408256.771492,
  "coordinator.py": 1775408256.770492,
  "button.py": 1775408256.770492,
  "__init__.py": 1775389421.4202807,
  "base_entity.py": 1775389421.4202409,
  "binary_sensor.py": 1775408256.770492,
  "config_flow.py": 1775389421.4203217,
  "sensor.py": 1775408256.771492
}